<?xml version="1.0" encoding="utf-8"?>
<!--/313269/1491498/2.50/3/4/Schottky Diode/-->
<quadcept_library>
  <setting unit="mil" />
  <textstyle name="Default" height="47.244094488189" strokewidth="7.8740157480315" charwidth="47.244094488189" />
  <textstyle name="Dimension" height="19.6850393700787" strokewidth="0" charwidth="19.6850393700787" />
  <textstyle name="H127W0635TH00762" height="50" strokewidth="3" charwidth="25" />
  <textstyle name="H15W15TH02" height="59.0551181102362" strokewidth="7.8740157480315" charwidth="59.0551181102362" />
  <padstyle name="r110_50" surface="True" plated="False" isvia="False" nopaste="False" nomask="True" complex="False" holesize="0">
    <padshape layer="TOP" shape="rectangle" width="19.685039370078" height="43.307086614173" />
    <padshape layer="TOP_SOLDER_MASK" shape="rectangle" width="27.55905511811" height="51.181102362204" />
    <padshape layer="TOP_SOLDER_PASTE" shape="rectangle" width="19.685039370078" height="43.307086614173" />
  </padstyle>
  <padstyle name="r203_182" surface="True" plated="False" isvia="False" nopaste="False" nomask="True" complex="False" holesize="0">
    <padshape layer="TOP" shape="rectangle" width="71.653543307086" height="79.921259842519" />
    <padshape layer="TOP_SOLDER_MASK" shape="rectangle" width="79.527559055117" height="87.79527559055" />
    <padshape layer="TOP_SOLDER_PASTE" shape="rectangle" width="71.653543307086" height="79.921259842519" />
  </padstyle>
  <padstyle name="r138_75" surface="True" plated="False" isvia="False" nopaste="False" nomask="True" complex="False" holesize="0">
    <padshape layer="TOP" shape="rectangle" width="29.527559055118" height="54.330708661417" />
    <padshape layer="TOP_SOLDER_MASK" shape="rectangle" width="37.401574803149" height="62.204724409448" />
    <padshape layer="TOP_SOLDER_PASTE" shape="rectangle" width="29.527559055118" height="54.330708661417" />
  </padstyle>
  <footprint name="STPS1L40M" originx="0" originy="0" pickpointx="0" pickpointy="0">
    <pcbpin number="1" name="1" style="r110_50" originx="-76.968503937007" originy="0" rotation="0" />
    <pcbpin number="2" name="2" style="r203_182" originx="-31.299212598425" originy="0" rotation="0" />
    <pcbpin number="3" name="3" style="r138_75" originx="59.645669291338" originy="0" rotation="90" />
    <line layer="TOP_ASSEMBLY" originx="-58.858267716535" originy="37.401574803149" endx="15.944881889764" endy="37.401574803149" width="7.8740157480314" />
    <line layer="TOP_ASSEMBLY" originx="15.944881889764" originy="37.401574803149" endx="15.944881889764" endy="-37.401574803149" width="7.8740157480314" />
    <line layer="TOP_ASSEMBLY" originx="15.944881889764" originy="-37.401574803149" endx="-58.858267716535" endy="-37.401574803149" width="7.8740157480314" />
    <line layer="TOP_ASSEMBLY" originx="-58.858267716535" originy="-37.401574803149" endx="-58.858267716535" endy="37.401574803149" width="7.8740157480314" />
    <line layer="TOP_PLACE_BOUND" originx="-106.49606299212" originy="59.645669291338" endx="106.49606299212" endy="59.645669291338" width="3.9370078740157" />
    <line layer="TOP_PLACE_BOUND" originx="106.49606299212" originy="59.645669291338" endx="106.49606299212" endy="-59.645669291338" width="3.9370078740157" />
    <line layer="TOP_PLACE_BOUND" originx="106.49606299212" originy="-59.645669291338" endx="-106.49606299212" endy="-59.645669291338" width="3.9370078740157" />
    <line layer="TOP_PLACE_BOUND" originx="-106.49606299212" originy="-59.645669291338" endx="-106.49606299212" endy="59.645669291338" width="3.9370078740157" />
    <line layer="TOP_SILKSCREEN" originx="15.944881889764" originy="37.401574803149" endx="15.944881889764" endy="-37.401574803149" width="3.9370078740157" />
  </footprint>
  <symbol name="STPS1L40M" originx="0" originy="0">
    <line originx="200" originy="100" endx="700" endy="100" width="0" />
    <line originx="700" originy="-300" endx="700" endy="100" width="0" />
    <line originx="700" originy="-300" endx="200" endy="-300" width="0" />
    <line originx="200" originy="100" endx="200" endy="-300" width="0" />
    <sympin number="1" originx="200" originy="0" rotation="180" length="100" width="7.8740157480315" flipped="False">
      <text name="pinname" originx="230" originy="0" style="Default" rotation="0" justify="left" flipped="False" hidden="False" data="K_1" />
      <text name="pindes" originx="140" originy="20" style="Default" rotation="0" justify="lowerright" flipped="False" hidden="False" data="1" />
    </sympin>
    <sympin number="2" originx="200" originy="-100" rotation="180" length="100" width="7.8740157480315" flipped="False">
      <text name="pinname" originx="230" originy="-100" style="Default" rotation="0" justify="left" flipped="False" hidden="False" data="K_2" />
      <text name="pindes" originx="140" originy="-80" style="Default" rotation="0" justify="lowerright" flipped="False" hidden="False" data="2" />
    </sympin>
    <sympin number="3" originx="200" originy="-200" rotation="180" length="100" width="7.8740157480315" flipped="False">
      <text name="pinname" originx="230" originy="-200" style="Default" rotation="0" justify="left" flipped="False" hidden="False" data="A" />
      <text name="pindes" originx="140" originy="-180" style="Default" rotation="0" justify="lowerright" flipped="False" hidden="False" data="3" />
    </sympin>
  </symbol>
  <component name="STPS1L40M" designatorprefix="D" height="39.370078740157" footprint="STPS1L40M">
    <comppin designator="1" sympin="1" pinswap="0" gateswap="0" gate="1" group="1" side="" type="Any" name="K_1" />
    <comppin designator="2" sympin="2" pinswap="0" gateswap="0" gate="1" group="1" side="" type="Any" name="K_2" />
    <comppin designator="3" sympin="3" pinswap="0" gateswap="0" gate="1" group="1" side="" type="Any" name="A" />
    <attached_symbol gate="1" name="STPS1L40M" />
    <pinmap designator="1" footprintpin="1" />
    <pinmap designator="2" footprintpin="2" />
    <pinmap designator="3" footprintpin="3" />
    <text name="Datasheet" originx="0" originy="0" style="Default" rotation="0" justify="" flipped="False" hidden="True" data="http://www.st.com/content/ccc/resource/technical/document/datasheet/62/69/a4/97/73/11/43/c2/CD00003015.pdf/files/CD00003015.pdf/jcr:content/translations/en.CD00003015.pdf" />
    <text name="Description" originx="0" originy="0" style="Default" rotation="0" justify="" flipped="False" hidden="True" data="STMICROELECTRONICS - STPS1L40M - SCHOTTKY RECTIFIER, 1A, 40V, DO-216AA" />
    <text name="Mouser Part Number" originx="0" originy="0" style="Default" rotation="0" justify="" flipped="False" hidden="True" data="511-STPS1L40M" />
    <text name="Mouser Price/Stock" originx="0" originy="0" style="Default" rotation="0" justify="" flipped="False" hidden="True" data="https://www.mouser.co.uk/ProductDetail/STMicroelectronics/STPS1L40M?qs=1tTY8DFIKADyj1WerxBVhA%3D%3D" />
    <text name="Manufacturer_Name" originx="0" originy="0" style="Default" rotation="0" justify="" flipped="False" hidden="True" data="STMicroelectronics" />
    <text name="Manufacturer_Part_Number" originx="750" originy="200" style="Default" rotation="0" justify="left" flipped="False" hidden="False" data="STPS1L40M" />
  </component>
</quadcept_library>
