<?xml version="1.0" encoding="utf-8"?>
<!--/424376/1491498/2.50/7/4/Integrated Circuit/-->
<quadcept_library>
  <setting unit="mil" />
  <textstyle name="Default" height="47.244094488189" strokewidth="7.8740157480315" charwidth="47.244094488189" />
  <textstyle name="Dimension" height="19.6850393700787" strokewidth="0" charwidth="19.6850393700787" />
  <textstyle name="H127W0635TH00762" height="50" strokewidth="3" charwidth="25" />
  <textstyle name="H15W15TH02" height="59.0551181102362" strokewidth="7.8740157480315" charwidth="59.0551181102362" />
  <padstyle name="r65_35" surface="True" plated="False" isvia="False" nopaste="False" nomask="True" complex="False" holesize="0">
    <padshape layer="TOP" shape="rectangle" width="13.779527559055" height="25.590551181102" />
    <padshape layer="TOP_SOLDER_PASTE" shape="rectangle" width="13.779527559055" height="25.590551181102" />
    <padshape layer="TOP_SOLDER_MASK" shape="rectangle" width="21.653543307086" height="33.464566929133" />
  </padstyle>
  <padstyle name="r170_110" surface="True" plated="False" isvia="False" nopaste="False" nomask="True" complex="False" holesize="0">
    <padshape layer="TOP" shape="rectangle" width="43.307086614173" height="66.929133858267" />
    <padshape layer="TOP_SOLDER_MASK" shape="rectangle" width="51.181102362204" height="74.803149606298" />
    <padshape layer="TOP_SOLDER_PASTE" shape="rectangle" width="43.307086614173" height="66.929133858267" />
  </padstyle>
  <footprint name="SON65P200X200X100-7N" originx="0" originy="0" pickpointx="0" pickpointy="0">
    <pcbpin number="1" name="1" style="r65_35" originx="-43.307086614173" originy="25.590551181102" rotation="90" />
    <pcbpin number="2" name="2" style="r65_35" originx="-43.307086614173" originy="0" rotation="90" />
    <pcbpin number="3" name="3" style="r65_35" originx="-43.307086614173" originy="-25.590551181102" rotation="90" />
    <pcbpin number="4" name="4" style="r65_35" originx="43.307086614173" originy="-25.590551181102" rotation="90" />
    <pcbpin number="5" name="5" style="r65_35" originx="43.307086614173" originy="0" rotation="90" />
    <pcbpin number="6" name="6" style="r65_35" originx="43.307086614173" originy="25.590551181102" rotation="90" />
    <pcbpin number="7" name="7" style="r170_110" originx="0" originy="0" rotation="0" />
    <line layer="TOP_PLACE_BOUND" originx="-64.960629921259" originy="49.212598425196" endx="64.960629921259" endy="49.212598425196" width="1.9685039370079" />
    <line layer="TOP_PLACE_BOUND" originx="64.960629921259" originy="49.212598425196" endx="64.960629921259" endy="-49.212598425196" width="1.9685039370079" />
    <line layer="TOP_PLACE_BOUND" originx="64.960629921259" originy="-49.212598425196" endx="-64.960629921259" endy="-49.212598425196" width="1.9685039370079" />
    <line layer="TOP_PLACE_BOUND" originx="-64.960629921259" originy="-49.212598425196" endx="-64.960629921259" endy="49.212598425196" width="1.9685039370079" />
    <line layer="TOP_ASSEMBLY" originx="-39.370078740157" originy="39.370078740157" endx="39.370078740157" endy="39.370078740157" width="3.9370078740157" />
    <line layer="TOP_ASSEMBLY" originx="39.370078740157" originy="39.370078740157" endx="39.370078740157" endy="-39.370078740157" width="3.9370078740157" />
    <line layer="TOP_ASSEMBLY" originx="39.370078740157" originy="-39.370078740157" endx="-39.370078740157" endy="-39.370078740157" width="3.9370078740157" />
    <line layer="TOP_ASSEMBLY" originx="-39.370078740157" originy="-39.370078740157" endx="-39.370078740157" endy="39.370078740157" width="3.9370078740157" />
    <line layer="TOP_ASSEMBLY" originx="-39.370078740157" originy="19.685039370078" endx="-19.685039370078" endy="39.370078740157" width="3.9370078740157" />
    <arc layer="TOP_SILKSCREEN" originx="-56.102362204724" originy="52.165354330708" startangle="180" sweepangle="180" radius="4.9212598425196" width="9.8425196850392" />
    <arc layer="TOP_SILKSCREEN" originx="-56.102362204724" originy="52.165354330708" startangle="180" sweepangle="-180" radius="4.9212598425196" width="9.8425196850392" />
  </footprint>
  <symbol name="LDFPVR" originx="0" originy="0">
    <line originx="200" originy="100" endx="1200" endy="100" width="0" />
    <line originx="1200" originy="-700" endx="1200" endy="100" width="0" />
    <line originx="1200" originy="-700" endx="200" endy="-700" width="0" />
    <line originx="200" originy="100" endx="200" endy="-700" width="0" />
    <sympin number="1" originx="200" originy="0" rotation="180" length="100" width="7.8740157480315" flipped="False">
      <text name="pinname" originx="230" originy="0" style="Default" rotation="0" justify="left" flipped="False" hidden="False" data="VOUT" />
      <text name="pindes" originx="140" originy="20" style="Default" rotation="0" justify="lowerright" flipped="False" hidden="False" data="1" />
    </sympin>
    <sympin number="2" originx="200" originy="-100" rotation="180" length="100" width="7.8740157480315" flipped="False">
      <text name="pinname" originx="230" originy="-100" style="Default" rotation="0" justify="left" flipped="False" hidden="False" data="ADJ/NC" />
      <text name="pindes" originx="140" originy="-80" style="Default" rotation="0" justify="lowerright" flipped="False" hidden="False" data="2" />
    </sympin>
    <sympin number="3" originx="200" originy="-200" rotation="180" length="100" width="7.8740157480315" flipped="False">
      <text name="pinname" originx="230" originy="-200" style="Default" rotation="0" justify="left" flipped="False" hidden="False" data="PG" />
      <text name="pindes" originx="140" originy="-180" style="Default" rotation="0" justify="lowerright" flipped="False" hidden="False" data="3" />
    </sympin>
    <sympin number="7" originx="700" originy="-700" rotation="270" length="100" width="7.8740157480315" flipped="False">
      <text name="pinname" originx="700" originy="-670" style="Default" rotation="0" justify="left" flipped="False" hidden="False" data="GND_2" />
      <text name="pindes" originx="680" originy="-760" style="Default" rotation="0" justify="lowerright" flipped="False" hidden="False" data="7" />
    </sympin>
    <sympin number="6" originx="1200" originy="0" rotation="0" length="100" width="7.8740157480315" flipped="False">
      <text name="pinname" originx="1170" originy="0" style="Default" rotation="0" justify="right" flipped="False" hidden="False" data="VIN" />
      <text name="pindes" originx="1260" originy="20" style="Default" rotation="0" justify="lowerleft" flipped="False" hidden="False" data="6" />
    </sympin>
    <sympin number="5" originx="1200" originy="-100" rotation="0" length="100" width="7.8740157480315" flipped="False">
      <text name="pinname" originx="1170" originy="-100" style="Default" rotation="0" justify="right" flipped="False" hidden="False" data="EN" />
      <text name="pindes" originx="1260" originy="-80" style="Default" rotation="0" justify="lowerleft" flipped="False" hidden="False" data="5" />
    </sympin>
    <sympin number="4" originx="1200" originy="-200" rotation="0" length="100" width="7.8740157480315" flipped="False">
      <text name="pinname" originx="1170" originy="-200" style="Default" rotation="0" justify="right" flipped="False" hidden="False" data="GND_1" />
      <text name="pindes" originx="1260" originy="-180" style="Default" rotation="0" justify="lowerleft" flipped="False" hidden="False" data="4" />
    </sympin>
  </symbol>
  <component name="LDFPVR" designatorprefix="IC" height="39.370078740157" footprint="SON65P200X200X100-7N">
    <comppin designator="1" sympin="1" pinswap="0" gateswap="0" gate="1" group="1" side="" type="Any" name="VOUT" />
    <comppin designator="2" sympin="2" pinswap="0" gateswap="0" gate="1" group="1" side="" type="Any" name="ADJ/NC" />
    <comppin designator="3" sympin="3" pinswap="0" gateswap="0" gate="1" group="1" side="" type="Any" name="PG" />
    <comppin designator="4" sympin="4" pinswap="0" gateswap="0" gate="1" group="1" side="" type="Any" name="GND_1" />
    <comppin designator="5" sympin="5" pinswap="0" gateswap="0" gate="1" group="1" side="" type="Any" name="EN" />
    <comppin designator="6" sympin="6" pinswap="0" gateswap="0" gate="1" group="1" side="" type="Any" name="VIN" />
    <comppin designator="7" sympin="7" pinswap="0" gateswap="0" gate="1" group="1" side="" type="Any" name="GND_2" />
    <attached_symbol gate="1" name="LDFPVR" />
    <pinmap designator="1" footprintpin="1" />
    <pinmap designator="2" footprintpin="2" />
    <pinmap designator="3" footprintpin="3" />
    <pinmap designator="4" footprintpin="4" />
    <pinmap designator="5" footprintpin="5" />
    <pinmap designator="6" footprintpin="6" />
    <pinmap designator="7" footprintpin="7" />
    <text name="Datasheet" originx="0" originy="0" style="Default" rotation="0" justify="" flipped="False" hidden="True" data="http://www.st.com/content/ccc/resource/technical/document/datasheet/3e/64/32/d3/73/04/4a/70/DM00099995.pdf/files/DM00099995.pdf/jcr:content/translations/en.DM00099995.pdf" />
    <text name="Description" originx="0" originy="0" style="Default" rotation="0" justify="" flipped="False" hidden="True" data="STMicroelectronics LDFPVR, LDO Voltage Regulator, Adjustable 1A, 0.8  12 V +/-1.5%, 6-Pin DFN" />
    <text name="Mouser Part Number" originx="0" originy="0" style="Default" rotation="0" justify="" flipped="False" hidden="True" data="511-LDFPVR" />
    <text name="Mouser Price/Stock" originx="0" originy="0" style="Default" rotation="0" justify="" flipped="False" hidden="True" data="https://www.mouser.co.uk/ProductDetail/STMicroelectronics/LDFPVR?qs=xLDY6iXSiQbeQdnd6kJYEg%3D%3D" />
    <text name="Manufacturer_Name" originx="0" originy="0" style="Default" rotation="0" justify="" flipped="False" hidden="True" data="STMicroelectronics" />
    <text name="Manufacturer_Part_Number" originx="1250" originy="200" style="Default" rotation="0" justify="left" flipped="False" hidden="False" data="LDFPVR" />
  </component>
</quadcept_library>
